mean_fit_time,std_fit_time,mean_score_time,std_score_time,param_subsample,param_reg_lambda,param_reg_alpha,param_n_estimators,param_min_child_weight,param_max_depth,param_learning_rate,param_gamma,param_colsample_bytree,params,split0_test_score,split1_test_score,split2_test_score,mean_test_score,std_test_score,rank_test_score
1.0592152277628581,0.1628577558678999,0.028239965438842773,0.020618987214904558,0.8,1.0,1,100,1,7,0.2,0.5,1.0,"{'subsample': 0.8, 'reg_lambda': 1, 'reg_alpha': 1, 'n_estimators': 100, 'min_child_weight': 1, 'max_depth': 7, 'learning_rate': 0.2, 'gamma': 0.5, 'colsample_bytree': 1.0}",0.8132734695071465,0.8146605029022009,0.8218013102431763,0.8165784275508412,0.0037362943427205714,3
0.7914026578267416,0.017435886151847164,0.012881596883138021,0.0009586636313388605,0.6,1.0,0,100,5,3,0.01,1.0,0.6,"{'subsample': 0.6, 'reg_lambda': 1, 'reg_alpha': 0, 'n_estimators': 100, 'min_child_weight': 5, 'max_depth': 3, 'learning_rate': 0.01, 'gamma': 1, 'colsample_bytree': 0.6}",0.8073825395697836,0.7995116081746294,0.8047167945842142,0.8038703141095423,0.0032685661639630607,6
1.2332267761230469,0.46069047458322937,0.025311867396036785,0.0024040673153091115,1.0,1.5,1,300,3,7,0.01,0.0,0.6,"{'subsample': 1.0, 'reg_lambda': 1.5, 'reg_alpha': 1, 'n_estimators': 300, 'min_child_weight': 3, 'max_depth': 7, 'learning_rate': 0.01, 'gamma': 0, 'colsample_bytree': 0.6}",0.8024822615579684,0.7943930072823969,0.8053602557515014,0.8007451748639557,0.004642789203532427,9
0.15356643994649252,0.04769164914270968,0.01441049575805664,0.002783282446682946,0.8,2.0,0,100,5,5,0.05,1.0,0.8,"{'subsample': 0.8, 'reg_lambda': 2, 'reg_alpha': 0, 'n_estimators': 100, 'min_child_weight': 5, 'max_depth': 5, 'learning_rate': 0.05, 'gamma': 1, 'colsample_bytree': 0.8}",0.8246016534614442,0.8194327096970874,0.827157205803003,0.8237305229871783,0.0032131097346104493,1
0.11378908157348633,0.003916469030612462,0.012070655822753906,0.0015181604141381298,0.8,1.0,1,50,5,10,0.05,0.5,1.0,"{'subsample': 0.8, 'reg_lambda': 1, 'reg_alpha': 1, 'n_estimators': 50, 'min_child_weight': 5, 'max_depth': 10, 'learning_rate': 0.05, 'gamma': 0.5, 'colsample_bytree': 1.0}",0.8151200987446062,0.8099558546855165,0.8201161849728384,0.8150640461343204,0.004148126830928875,4
0.2686808109283447,0.044400133661303014,0.01583997408548991,0.0015205451051608736,1.0,1.0,1,50,1,7,0.1,0.0,1.0,"{'subsample': 1.0, 'reg_lambda': 1, 'reg_alpha': 1, 'n_estimators': 50, 'min_child_weight': 1, 'max_depth': 7, 'learning_rate': 0.1, 'gamma': 0, 'colsample_bytree': 1.0}",0.8031015482129749,0.8017469771963643,0.8083159981499142,0.8043881745197511,0.0028319091925190364,5
0.24036542574564615,0.04449563058684104,0.015743335088094074,0.0011129965145217522,0.8,2.0,1,100,5,7,0.01,0.5,0.6,"{'subsample': 0.8, 'reg_lambda': 2, 'reg_alpha': 1, 'n_estimators': 100, 'min_child_weight': 5, 'max_depth': 7, 'learning_rate': 0.01, 'gamma': 0.5, 'colsample_bytree': 0.6}",0.8066738801718786,0.7958365152828533,0.8023562837470347,0.8016222264005889,0.0044546791560764526,7
0.13129369417826334,0.03418840596348018,0.01314091682434082,0.0011044230053024865,0.8,1.5,1,50,3,5,0.1,0.5,1.0,"{'subsample': 0.8, 'reg_lambda': 1.5, 'reg_alpha': 1, 'n_estimators': 50, 'min_child_weight': 3, 'max_depth': 5, 'learning_rate': 0.1, 'gamma': 0.5, 'colsample_bytree': 1.0}",0.8217249938228741,0.8179107046484206,0.8249075025129875,0.8215144003280942,0.0028603096923741898,2
0.22048242886861166,0.04745792236488134,0.014717340469360352,0.0015265943791940742,0.8,1.0,0,50,3,10,0.01,0.1,0.6,"{'subsample': 0.8, 'reg_lambda': 1, 'reg_alpha': 0, 'n_estimators': 50, 'min_child_weight': 3, 'max_depth': 10, 'learning_rate': 0.01, 'gamma': 0.1, 'colsample_bytree': 0.6}",0.795570983325291,0.7883470132207295,0.7893319978495545,0.7910833314651917,0.0031986260688869565,10
0.07538588841756184,0.01836995587453451,0.014018694559733072,0.0006688968062531541,1.0,1.0,0,50,1,3,0.05,1.0,0.6,"{'subsample': 1.0, 'reg_lambda': 1, 'reg_alpha': 0, 'n_estimators': 50, 'min_child_weight': 1, 'max_depth': 3, 'learning_rate': 0.05, 'gamma': 1, 'colsample_bytree': 0.6}",0.7960025567882374,0.7977002577127692,0.8092992204759635,0.8010006783256567,0.0059087448454305325,8
